Style,Name,Type,Location,Price,Reservation
"American, Buffet",1900 Park Fare,Table Service,Disney's Grand Floridian Resort & Spa,"$$$$ (over $60 per adult), American",Y
"Latin, Mexican",4 Rivers Cantina Barbacoa Food Truck,Quick Service,Disney Springs,"$ ($14.99 and under per adult), Latin, Mexican",N
"a la Carte, American",50's Prime Time Café,Table Service,Disney's Hollywood Studios,"$$ ($15 to $34.99 per adult), American",Y
"American, Quick Service Restaurant",ABC Commissary,Quick Service,Disney's Hollywood Studios,"$ ($14.99 and under per adult), American",N
"American, Bar-Lounge",AbracadaBar,Table Service,Disney's BoardWalk,"$$ ($15 to $34.99 per adult), American",N
"American, Character Dining",Akershus Royal Banquet Hall,Table Service,EPCOT,"$$$$ (over $60 per adult), American, Norwegian",Y
"American, Bar-Lounge",Ale & Compass Lounge,Table Service,Disney's Yacht Club Resort,"$$ ($15 to $34.99 per adult), American",N
"a la Carte, American",Ale & Compass Restaurant,Table Service,Disney's Yacht Club Resort,"$$ ($15 to $34.99 per adult), American",Y
"American, Snack",Aloha Isle,Quick Service,Magic Kingdom Park,"$ ($14.99 and under per adult), American",N
"a la Carte, Fine/Signature Dining",Amare,Table Service,Walt Disney World Swan Reserve,"$$$ ($35 to $59.99 per adult), Mediterranean",Y
"American, Casual Dining",AMC® Disney Springs 24 Dine-In Theatres,Table Service,Disney Springs,"$ ($14.99 and under per adult), American, Seafood",N
"Bakery, Mobile Orders",Amorette's Patisserie,Quick Service,Disney Springs,"$ ($14.99 and under per adult), Bakery",N
"American, Snack",Anaheim Produce,Quick Service,Disney's Hollywood Studios,"$ ($14.99 and under per adult), American",N
"American, Snack",Anandapur Ice Cream Truck,Quick Service,Disney's Animal Kingdom Theme Park,"$ ($14.99 and under per adult), American",N
"American, Snack",Arctic Expeditions,Quick Service,Disney's Blizzard Beach Water Park,"$ ($14.99 and under per adult), American",N
"American, Quick Service Restaurant",The Artist's Palette,Quick Service,Disney's Saratoga Springs Resort & Spa,"$ ($14.99 and under per adult), American",N
"American, Snack",Astrofizz,Quick Service,Magic Kingdom Park,"$ ($14.99 and under per adult), American",N
"American, Snack",Auntie Gravity's Galactic Goodies,Quick Service,Magic Kingdom Park,"$ ($14.99 and under per adult), American",N
"American, Mobile Orders",Avalunch,Quick Service,Disney's Blizzard Beach Water Park,"$ ($14.99 and under per adult), American",N
"American, Mobile Orders",B.B. Wolf's Sausage Co.,Quick Service,Disney Springs,"$ ($14.99 and under per adult), American",N
"American, Quick Service Restaurant",Backlot Express,Quick Service,Disney's Hollywood Studios,"$ ($14.99 and under per adult), American",N
"American, Pool Bar",Backstretch Pool Bar,Quick Service,Disney's Saratoga Springs Resort & Spa,"$ ($14.99 and under per adult), American",N
"American, Casual Dining",Banana Cabana,"Quick Service, Table Service",Disney's Caribbean Beach Resort,"$$ ($15 to $34.99 per adult), American",N
"Casual Dining, Pool Bar",Bar Riva,"Quick Service, Table Service",Disney's Riviera Resort,$ ($14.99 and under per adult),N
"American, Bar-Lounge",Barcelona Lounge,"Quick Service, Table Service",Disney's Coronado Springs Resort,"$ ($14.99 and under per adult), American",N
"American, Pool Bar",Barefoot Pool Bar,Quick Service,Disney's Polynesian Village Resort,"$ ($14.99 and under per adult), American",N
"American, Bar-Lounge",BaseLine Tap House,Table Service,Disney's Hollywood Studios,"$ ($14.99 and under per adult), American",N
"American, Casual Dining",Be Our Guest Restaurant,Table Service,Magic Kingdom Park,"$$$$ (over $60 per adult), American, French",Y
"American, Quick Service Restaurant",Beach Club Marketplace,Quick Service,Disney's Beach Club Resort,"$ ($14.99 and under per adult), American",N
"a la Carte, American",Beaches & Cream Soda Shop,Table Service,Disney's Beach Club Resort,"$$ ($15 to $34.99 per adult), American",Y
"American, Pool Bar",Beaches Pool Bar & Grill,Quick Service,Disney's Grand Floridian Resort & Spa,"$ ($14.99 and under per adult), American",N
"Bar-Lounge, Reservations Accepted",The Beak and Barrel,Table Service,Magic Kingdom Park,$$ ($15 to $34.99 per adult),Y
"American, Bar-Lounge",Belle Vue Lounge,Table Service,Disney's BoardWalk Inn,"$ ($14.99 and under per adult), American",N
"Buffet, Casual Dining",Biergarten Restaurant,Table Service,EPCOT,"$$$ ($35 to $59.99 per adult), German",Y
"American, Quick Service Restaurant",Blaze Fast-Fire'd Pizza,Quick Service,Disney Springs,"$ ($14.99 and under per adult), American",N
"American, Bar-Lounge",Block & Hans,Table Service,EPCOT,"$ ($14.99 and under per adult), American",N
"American, Quick Service Kiosk",Blue Ribbon Corn Dogs,Quick Service,Disney's BoardWalk,"$ ($14.99 and under per adult), American",N
"American, Bakery",BoardWalk Deli,Quick Service,Disney's BoardWalk Inn,"$ ($14.99 and under per adult), American, Bakery",N
Snack,BoardWalk Ice Cream,Quick Service,Disney's BoardWalk,,N
"American, Bar-Lounge",BoardWalk Joe's Marvelous Margaritas,Table Service,Disney's BoardWalk,"$ ($14.99 and under per adult), American, Mexican",N
"a la Carte, American","The BOATHOUSE®: Great Food, Waterfront Dining, Dream Boats™",Table Service,Disney Springs,"$$$ ($35 to $59.99 per adult), American, Seafood, Steakhouse",Y
"a la Carte, American",Boatwright's Dining Hall,Table Service,Disney's Port Orleans Resort - Riverside,"$$ ($15 to $34.99 per adult), American",Y
"African, American",Boma - Flavors of Africa,Table Service,Disney's Animal Kingdom Lodge,"$$$ ($35 to $59.99 per adult), African, American",Y
"a la Carte, American",Bourbon Steak - A Michael Mina Restaurant,Table Service,Walt Disney World Dolphin Hotel,"$$$ ($35 to $59.99 per adult), American, Steakhouse",Y
"American, Bar-Lounge",Bourbon Steak Lounge,Table Service,Walt Disney World Dolphin Hotel,"$ ($14.99 and under per adult), American, Steakhouse",N
"American, Casual Dining",Cabana Bar and Beach Club,"Quick Service, Table Service",Walt Disney World Dolphin Hotel,"$ ($14.99 and under per adult), American",N
"American, Quick Service - Coffee",Cafe Rix,Quick Service,Disney's Coronado Springs Resort,"$ ($14.99 and under per adult), American",N
"American, Bakery",The Cake Bake Shop® Bakery by Gwendolyn Rogers,Quick Service,Disney's BoardWalk,,N
"a la Carte, American",The Cake Bake Shop® Restaurant by Gwendolyn Rogers,Table Service,Disney's BoardWalk,,Y
"American, Fine/Signature Dining",California Grill,Table Service,Disney's Contemporary Resort,"$$$$ (over $60 per adult), American, Seafood, Sushi",Y
"American, Snack",Canada Popcorn Cart,Quick Service,EPCOT,"$ ($14.99 and under per adult), American",N
"a la Carte, Fine/Signature Dining",Capa,Table Service,Four Seasons Resort,"$$$$ (over $60 per adult), Steakhouse",N
"American, Buffet",Cape May Cafe,Table Service,Disney's Beach Club Resort,"$$$ ($35 to $59.99 per adult), American, Seafood",Y
"African, Bar-Lounge",Cape Town Lounge and Wine Bar,Table Service,Disney's Animal Kingdom Lodge,"$ ($14.99 and under per adult), African",N
"American, Quick Service Restaurant",Capt. Cook's,Quick Service,Disney's Polynesian Village Resort,"$ ($14.99 and under per adult), American, Seafood",N
"Asian, Snack",Caravan Road,Quick Service,Disney's Animal Kingdom Theme Park,"$ ($14.99 and under per adult), Asian",N
"American, Bakery",Carousel Coffee,Quick Service,Disney's BoardWalk Inn,,N
"American, Quick Service Restaurant",Casey's Corner,Quick Service,Magic Kingdom Park,"$ ($14.99 and under per adult), American",N
"American, Mobile Orders",Catalina Eddie's,Quick Service,Disney's Hollywood Studios,"$ ($14.99 and under per adult), American",N
Dining Events,"Celebration at the Top - Sip, Savor, Sparkle",Table Service,Disney's Contemporary Resort,,N
"American, Quick Service Restaurant",Centertown Market,Quick Service,Disney's Caribbean Beach Resort,"$ ($14.99 and under per adult), American, Latin",N
"American, Quick Service Restaurant",Centertown Market Grab & Go,Quick Service,Disney's Caribbean Beach Resort,"$ ($14.99 and under per adult), American",N
"a la Carte, American",Chef Art Smith's Homecomin',Table Service,Disney Springs,"$$ ($15 to $34.99 per adult), American",Y
"American, Buffet",Chef Mickey's,Table Service,Disney's Contemporary Resort,"$$$$ (over $60 per adult), American",Y
"a la Carte, Casual Dining",Chefs de France,Table Service,EPCOT,"$$ ($15 to $34.99 per adult), French",Y
"American, Dining Events",Chef’s Table at Victoria & Albert’s,Table Service,Disney's Grand Floridian Resort & Spa,"$$$$ (over $60 per adult), American",N
"American, Snack",Cheshire Café,Quick Service,Magic Kingdom Park,"$ ($14.99 and under per adult), American",N
"American, Quick Service Restaurant",Chicken Guy!,Quick Service,Disney Springs,"$ ($14.99 and under per adult), American",N
"American, Bar-Lounge",Chill,,Walt Disney World Swan Hotel,"$ ($14.99 and under per adult), American",N
"American, Quick Service Kiosk",Chip 'n' Dale's Café at Disney's Lake Buena Vista Golf Course,Quick Service,Disney's Saratoga Springs Resort & Spa,"$ ($14.99 and under per adult), American",N
"American, Quick Service Kiosk","Chip 'n' Dale’s Deli at Disney's Palm, Magnolia, and Oak Trail Golf Courses",Quick Service,Disney's Polynesian Village Resort,"$ ($14.99 and under per adult), American",N
"Bar-Lounge, Mexican",Choza de Margarita,Table Service,EPCOT,"$ ($14.99 and under per adult), Mexican",N
American,The Chuck Wagon,Quick Service,The Campsites at Disney's Fort Wilderness Resort,"$ ($14.99 and under per adult), American",N
"American, Character Dining",Cinderella's Royal Table,Table Service,Magic Kingdom Park,"$$$$ (over $60 per adult), American",Y
"a la Carte, American",Cítricos,Table Service,Disney's Grand Floridian Resort & Spa,"$$$ ($35 to $59.99 per adult), American",Y
"American, Bar-Lounge",Cítricos Lounge,Table Service,Disney's Grand Floridian Resort & Spa,"$ ($14.99 and under per adult), American, Mediterranean",N
"a la Carte, American",City Works Eatery & Pour House,Table Service,Disney Springs,"$$ ($15 to $34.99 per adult), American",Y
"American, Snack",Coca-Cola® Store Rooftop Beverage Bar,Quick Service,Disney Springs,"$ ($14.99 and under per adult), American",N
"American, Quick Service Restaurant",Columbia Harbour House,Quick Service,Magic Kingdom Park,"$ ($14.99 and under per adult), American",N
"American, Quick Service - Coffee",Connections Café,Quick Service,EPCOT,"$ ($14.99 and under per adult), American",N
"American, Quick Service Restaurant",Connections Eatery,Quick Service,EPCOT,"$ ($14.99 and under per adult), American",N
"American, Quick Service Restaurant",Contempo Café,Quick Service,Disney's Contemporary Resort,"$ ($14.99 and under per adult), American",N
"American, Quick Service - Coffee",Contemporary Grounds,Quick Service,Disney's Contemporary Resort,"$ ($14.99 and under per adult), American",N
"American, Quick Service Restaurant",Cookes of Dublin,Quick Service,Disney Springs,"$ ($14.99 and under per adult), American, Irish",N
"American, Snack",Cooling Hut,Quick Service,Disney's Blizzard Beach Water Park,"$ ($14.99 and under per adult), American",N
"a la Carte, American",Coral Reef Restaurant,Table Service,EPCOT,"$$ ($15 to $34.99 per adult), American, Seafood",Y
"American, Quick Service Restaurant",Cosmic Ray's Starlight Café,Quick Service,Magic Kingdom Park,"$ ($14.99 and under per adult), American",N
"American, Pool Bar",Courtyard Pool Bar,Quick Service,Disney's Grand Floridian Resort & Spa,"$ ($14.99 and under per adult), American",N
"American, Pool Bar",Cove Bar,Quick Service,Disney's Contemporary Resort,"$ ($14.99 and under per adult), American",N
"American, Bakery",Creature Comforts,Quick Service,Disney's Animal Kingdom Theme Park,"$ ($14.99 and under per adult), American, Bakery",N
"French, Quick Service Kiosk",Crêpes À Emporter by La Crêperie de Paris,Quick Service,EPCOT,"$ ($14.99 and under per adult), French",N
"American, Bar-Lounge",Crockett's Tavern,Table Service,The Campsites at Disney's Fort Wilderness Resort,"$ ($14.99 and under per adult), American",N
"American, Buffet",The Crystal Palace,Table Service,Magic Kingdom Park,"$$$$ (over $60 per adult), American",Y
"American, Quick Service Restaurant",D-Luxe Burger,Quick Service,Disney Springs,"$ ($14.99 and under per adult), American",N
"Bar-Lounge, Spanish",Dahlia Lounge,Table Service,Disney's Coronado Springs Resort,"$$ ($15 to $34.99 per adult), Spanish",N
"American, Quick Service Kiosk",The Daily Poutine,Quick Service,Disney Springs,"$ ($14.99 and under per adult), American",N
"American, Bar-Lounge",Dawa Bar,Table Service,Disney's Animal Kingdom Theme Park,"$ ($14.99 and under per adult), American",N
"American, Casual Dining",The Diamond Horseshoe,Table Service,Magic Kingdom Park,"$$$ ($35 to $59.99 per adult), American",Y
"American, Fine/Signature Dining",The Dining Room at Victoria & Albert’s,Table Service,Disney's Grand Floridian Resort & Spa,"$$$$ (over $60 per adult), American",Y
"American, Quick Service Kiosk",Disney Food Trucks,Quick Service,Disney Springs,"$ ($14.99 and under per adult), American",N
Dining Events,Disney's Not-So-Spooky Spectacular Dessert Party at Tomorrowland Terrace,Table Service,Magic Kingdom Park,,N
Dining Events,Disney's Not-So-Spooky Spectacular Dessert Party with Plaza Garden Viewing,Table Service,Magic Kingdom Park,,N
"American, Quick Service Restaurant",Docking Bay 7 Food and Cargo,Quick Service,Disney's Hollywood Studios,"$$ ($15 to $34.99 per adult), American",N
"American, Mobile Orders",Dockside Diner,Quick Service,Disney's Hollywood Studios,"$ ($14.99 and under per adult), American",N
"American, Bar-Lounge",Dockside Margaritas,Table Service,Disney Springs,"$ ($14.99 and under per adult), American",N
"American, Snack",Drinkwallah,Quick Service,Disney's Animal Kingdom Theme Park,"$ ($14.99 and under per adult), American",N
"American, Pool Bar",The Drop Off Pool Bar,Quick Service,Disney's Art of Animation Resort,"$ ($14.99 and under per adult), American",N
"American, Quick Service Restaurant",EARL OF SANDWICH®,Quick Service,Disney Springs,"$ ($14.99 and under per adult), American",N
"a la Carte, American",The Edison,Table Service,Disney Springs,"$$ ($15 to $34.99 per adult), American",Y
"American, Snack",Eight Spoon Café,Quick Service,Disney's Animal Kingdom Theme Park,"$ ($14.99 and under per adult), American",N
"American, Quick Service Restaurant",El Mercado de Coronado,Quick Service,Disney's Coronado Springs Resort,"$ ($14.99 and under per adult), American, Mexican",N
"American, Bar-Lounge",Enchanted Rose,Table Service,Disney's Grand Floridian Resort & Spa,"$$ ($15 to $34.99 per adult), American",N
"American, Quick Service Restaurant",End Zone Food Court,Quick Service,Disney's All-Star Sports Resort,"$ ($14.99 and under per adult), American",N
"a la Carte, Casual Dining",Enzo's Hideaway,Table Service,Disney Springs,"$$ ($15 to $34.99 per adult), Italian",Y
Dining Events,EPCOT International Festival of the Arts - DISNEY ON BROADWAY Concert Series Dining Packages,Table Service,EPCOT,$$$ ($35 to $59.99 per adult),N
Festival Kiosk,EPCOT International Festival of the Holidays presented by AdventHealth - Holiday Kitchens,Quick Service,,,N
Dining Events,EPCOT International Festival of the Holidays presented by AdventHealth – Candlelight Processional Dining Package,Table Service,EPCOT,,N
"American, British",EPCOT International Flower & Garden Festival – Garden Rocks Dining Packages,Table Service,EPCOT,"$$$$ (over $60 per adult), American, British, Chinese...",N
Dining Events,EPCOT International Food & Wine Festival Concert Series Dining Packages,Table Service,EPCOT,,N
"American, Snack",Epic Eats,Quick Service,Disney's Hollywood Studios,"$ ($14.99 and under per adult), American",N
"Bakery, Snack",Erin McKenna's Bakery NYC,"Quick Service, Table Service",Disney Springs,"$ ($14.99 and under per adult), Bakery",N
"American, Quick Service Restaurant",ESPN Wide World of Sports Grill,Quick Service,ESPN Wide World of Sports Complex,"$ ($14.99 and under per adult), American",N
"American, Bakery",Everglazed™ Donuts & Cold Brew,"Quick Service, Table Service",Disney Springs,"$ ($14.99 and under per adult), American, Bakery",N
"American, Quick Service Restaurant",Everything POP Shopping & Dining,Quick Service,Disney's Pop Century Resort,"$ ($14.99 and under per adult), American",N
"American, Mobile Orders",Fairfax Fare,Quick Service,Disney's Hollywood Studios,"$ ($14.99 and under per adult), American",N
"Dining Events, Reservations Accepted",Fantasmic! Dining Packages,Table Service,Disney's Hollywood Studios,,Y
"American, Quick Service Kiosk",Fife & Drum Tavern,Quick Service,EPCOT,"$ ($14.99 and under per adult), American",N
"American, Quick Service Restaurant",Flame Tree Barbecue,Quick Service,Disney's Animal Kingdom Theme Park,"$ ($14.99 and under per adult), American",N
"a la Carte, American",Flying Fish,Table Service,Disney's BoardWalk,"$$$ ($35 to $59.99 per adult), American, Seafood",Y
"a la Carte, American",The Fountain,Table Service,Walt Disney World Dolphin Hotel,"$ ($14.99 and under per adult), American",N
"American, Mobile Orders",The Friar's Nook,Quick Service,Magic Kingdom Park,"$ ($14.99 and under per adult), American",N
"American, Bar-Lounge",The Front Porch at House of Blues,,Disney Springs,"$ ($14.99 and under per adult), American",N
"a la Carte, Casual Dining",Frontera Cocina,Table Service,Disney Springs,"$$ ($15 to $34.99 per adult), Mexican",Y
"American, Bar-Lounge",Frostbite Freddy's Frozen Freshments,Table Service,Disney's Blizzard Beach Water Park,"$ ($14.99 and under per adult), American",N
"American, Quick Service - Coffee",Fuel,Quick Service,Walt Disney World Dolphin Hotel,"$ ($14.99 and under per adult), American",N
"American, Snack",Funnel Cake,Quick Service,EPCOT,"$ ($14.99 and under per adult), American",N
"American, Snack",Funnel Cake Cart - Temporarily Unavailable,,Disney's BoardWalk,"$ ($14.99 and under per adult), American",N
"American, Snack",The Ganachery,"Quick Service, Table Service",Disney Springs,"$ ($14.99 and under per adult), American",N
"American, Character Dining",Garden Grill Restaurant,Table Service,EPCOT,"$$$$ (over $60 per adult), American",Y
"a la Carte, American",Garden Grove,Table Service,Walt Disney World Swan Hotel,"$$ ($15 to $34.99 per adult), American",N
"British, Dining Events",The Garden View Lounge - Tea Experience  ,Table Service,Disney's Grand Floridian Resort & Spa,,Y
"American, Quick Service Restaurant",Gasparilla Island Grill,Quick Service,Disney's Grand Floridian Resort & Spa,"$ ($14.99 and under per adult), American",N
"American, Snack",Gaston's Tavern,Quick Service,Magic Kingdom Park,"$ ($14.99 and under per adult), American",N
"Italian, Snack",Gelateria Toscana,,EPCOT,"$ ($14.99 and under per adult), Italian",N
"Bar-Lounge, Reservations Accepted",GEO-82,Table Service,EPCOT,$$ ($15 to $34.99 per adult),Y
"Dining Events, Reservations Accepted",GEO-82 Fireworks Experience,Table Service,EPCOT,,Y
"American, Casual Dining",Geyser Point Bar & Grill,"Quick Service, Table Service",Disney's Wilderness Lodge,"$$ ($15 to $34.99 per adult), American",N
"American, Snack",Ghirardelli® Soda Fountain & Chocolate Shop,"Quick Service, Table Service",Disney Springs,"$ ($14.99 and under per adult), American",N
"Bakery, Snack",Gideon's Bakehouse,"Quick Service, Table Service",Disney Springs,"$ ($14.99 and under per adult), Bakery",N
"American, Mobile Orders",Golden Oak Outpost,Quick Service,Magic Kingdom Park,"$ ($14.99 and under per adult), American",N
"American, Mobile Orders",Good's Food to Go,Quick Service,Disney's Old Key West Resort,"$ ($14.99 and under per adult), American",N
"a la Carte, American",Grand Floridian Cafe,Table Service,Disney's Grand Floridian Resort & Spa,"$$ ($15 to $34.99 per adult), American",Y
"American, Pool Bar",Grandstand Spirits,Quick Service,Disney's All-Star Sports Resort,"$ ($14.99 and under per adult), American",N
"American, Bakery",Grounds,Quick Service,Walt Disney World Swan Reserve,"$ ($14.99 and under per adult), American, Bakery",N
"American, Bar-Lounge",Gurgling Suitcase,Table Service,Disney's Old Key West Resort,"$$ ($15 to $34.99 per adult), American",N
"American, Snack",Häagen-Dazs®,Quick Service,Disney Springs,"$ ($14.99 and under per adult), American",N
"American, Snack",Happy Landings Ice Cream,Quick Service,Disney's Typhoon Lagoon Water Park,"$ ($14.99 and under per adult), American",N
"American, Snack",Harambe Fruit Market,Quick Service,Disney's Animal Kingdom Theme Park,"$ ($14.99 and under per adult), American",N
"African, Quick Service Restaurant",Harambe Market,Quick Service,Disney's Animal Kingdom Theme Park,"$ ($14.99 and under per adult), African",N
"American, Buffet",Hollywood & Vine,Table Service,Disney's Hollywood Studios,"$$$$ (over $60 per adult), American",Y
"a la Carte, American",The Hollywood Brown Derby,Table Service,Disney's Hollywood Studios,"$$$ ($35 to $59.99 per adult), American",Y
"American, Bar-Lounge",The Hollywood Brown Derby Lounge,Table Service,Disney's Hollywood Studios,"$$ ($15 to $34.99 per adult), American",N
"American, Snack",Hollywood Scoops,Quick Service,Disney's Hollywood Studios,"$ ($14.99 and under per adult), American",N
"Dinner Shows, Family Style",Hoop-Dee-Doo Musical Revue,Table Service,The Campsites at Disney's Fort Wilderness Resort,$$$$ (over $60 per adult),Y
"a la Carte, American",House of Blues® Restaurant & Bar,Table Service,Disney Springs,"$$ ($15 to $34.99 per adult), American",Y
"American, Pool Bar",Hurricane Hanna's Waterside Bar and Grill,Quick Service,Disney's Beach Club Resort,"$ ($14.99 and under per adult), American",N
"American, Snack",I.C. Expeditions,Quick Service,Disney's Blizzard Beach Water Park,"$ ($14.99 and under per adult), American",N
"American, Snack",Ice Cold Hydraulics,Quick Service,Disney's Hollywood Studios,"$ ($14.99 and under per adult), American",N
"a la Carte, Fine/Signature Dining",Il Mulino,Table Service,Walt Disney World Swan Hotel,"$$$ ($35 to $59.99 per adult), Italian",Y
"American, Bar-Lounge",Il Mulino Lounge,,Walt Disney World Swan Hotel,"$$ ($15 to $34.99 per adult), American",N
"American, Quick Service Restaurant",Intermission Food Court,Quick Service,Disney's All-Star Music Resort,"$ ($14.99 and under per adult), American",N
"American, Snack",Isle of Java,Quick Service,Disney's Animal Kingdom Theme Park,"$ ($14.99 and under per adult), American",N
"a la Carte, Fine/Signature Dining",Jaleo® by José Andrés,Table Service,Disney Springs,"$$ ($15 to $34.99 per adult), Seafood, Spanish",Y
"a la Carte, American",Jazzy Holidays at The Hollywood Brown Derby,Table Service,Disney's Hollywood Studios,"$$ ($15 to $34.99 per adult), American",N
"a la Carte, African",Jiko - The Cooking Place,Table Service,Disney's Animal Kingdom Lodge,"$$$ ($35 to $59.99 per adult), African",Y
"American, Bar-Lounge",Jock Lindsey's Hangar Bar,Table Service,Disney Springs,"$ ($14.99 and under per adult), American",N
"American, Quick Service - Coffee",Joffrey's Coffee & Tea Company® at The Landing at Disney Springs,Quick Service,Disney Springs,"$ ($14.99 and under per adult), American",N
"American, Snack",Joffrey’s™ Handcrafted Smoothies at Disney Springs Marketplace,Quick Service,Disney Springs,"$ ($14.99 and under per adult), American",N
"Chinese, Snack",Joy of Tea,Quick Service,EPCOT,"$ ($14.99 and under per adult), Chinese",N
"a la Carte, African",Jungle Navigation Co. LTD Skipper Canteen,Table Service,Magic Kingdom Park,"$$ ($15 to $34.99 per adult), African, Asian, Latin",Y
"Asian, Japanese",Kabuki Cafe,Quick Service,EPCOT,"$ ($14.99 and under per adult), Asian, Japanese, Sushi",N
"American, Mobile Orders",Kat Saka's Kettle,Quick Service,Disney's Hollywood Studios,"$ ($14.99 and under per adult), American",N
"Asian, Quick Service Restaurant",Katsura Grill,Quick Service,EPCOT,"$ ($14.99 and under per adult), Asian, Japanese",N
"a la Carte, African",Kidani Village Breakfast at Sanaa,"Quick Service, Table Service",Disney's Animal Kingdom Villas - Kidani Village,"$$ ($15 to $34.99 per adult), African, Indian",N
"a la Carte, Asian",Kimonos,Table Service,Walt Disney World Swan Hotel,"$$ ($15 to $34.99 per adult), Asian, Japanese, Sushi",N
"Asian, Japanese",Kimonos Lounge,,Walt Disney World Swan Hotel,,N
"a la Carte, American",Kona Cafe,Table Service,Disney's Polynesian Village Resort,"$$ ($15 to $34.99 per adult), American, Seafood",Y
"American, Quick Service - Coffee",Kona Island,Quick Service,Disney's Polynesian Village Resort,"$$ ($15 to $34.99 per adult), American, Sushi",N
"Bakery, Norwegian",Kringla Bakeri Og Kafe,Quick Service,EPCOT,"$ ($14.99 and under per adult), Bakery, Norwegian",N
"American, Snack",KRNR The Rock Station,Quick Service,Disney's Hollywood Studios,"$ ($14.99 and under per adult), American",N
"African, American",Kusafiri Coffee Shop & Bakery,Quick Service,Disney's Animal Kingdom Theme Park,"$ ($14.99 and under per adult), African, American, Bakery",N
"Bar-Lounge, Mexican",La Cava del Tequila,Table Service,EPCOT,"$ ($14.99 and under per adult), Mexican",N
"Dining Events, Mexican",La Cava Experience,Table Service,EPCOT,,Y
"a la Carte, Casual Dining",La Crêperie de Paris,Table Service,EPCOT,"$$ ($15 to $34.99 per adult), French",Y
"a la Carte, Casual Dining",La Hacienda de San Angel,Table Service,EPCOT,"$$ ($15 to $34.99 per adult), Mexican",Y
"American, Bar-Lounge",Laguna Bar,,Disney's Coronado Springs Resort,"$ ($14.99 and under per adult), American",N
"American, Quick Service Restaurant",Landscape of Flavors,Quick Service,Disney's Art of Animation Resort,"$$ ($15 to $34.99 per adult), American",N
"French, Snack",L'Artisan des Glaces,,EPCOT,"$ ($14.99 and under per adult), French",N
"American, Bar-Lounge",Lava Lounge at Rainforest Café®,Table Service,Disney Springs,"$ ($14.99 and under per adult), American",N
"a la Carte, American",Le Cellier Steakhouse,Table Service,EPCOT,"$$$ ($35 to $59.99 per adult), American, Steakhouse",Y
"American, Quick Service - Coffee",Le Petit Café,Quick Service,Disney's Riviera Resort,"$ ($14.99 and under per adult), American",N
"American, Quick Service Restaurant",Leaning Palms,Quick Service,Disney's Typhoon Lagoon Water Park,"$ ($14.99 and under per adult), American",N
"American, Pool Bar",Leaping Horse Libations,Quick Service,Disney's BoardWalk Villas,"$ ($14.99 and under per adult), American",N
"Dining Events, Reservations Accepted",Learn How to Taste Wine with Master Sommelier George Miliotes,Table Service,Disney Springs,,Y
"Bakery, Quick Service Restaurant",Les Halles Boulangerie-Patisserie,Quick Service,EPCOT,"$ ($14.99 and under per adult), Bakery, French",N
"French, Bar-Lounge",Les Vins des Chefs de France,,EPCOT,"$ ($14.99 and under per adult), French",N
"American, Bar-Lounge",Let's Go Slurpin',Table Service,Disney's Typhoon Lagoon Water Park,"$ ($14.99 and under per adult), American",N
"American, Snack",Liberty Square Market,Quick Service,Magic Kingdom Park,"$ ($14.99 and under per adult), American",N
"American, Casual Dining",Liberty Tree Tavern,Table Service,Magic Kingdom Park,"$$$ ($35 to $59.99 per adult), American",Y
"American, Quick Service Restaurant",Lottawatta Lodge,Quick Service,Disney's Blizzard Beach Water Park,"$ ($14.99 and under per adult), American",N
"Asian, Chinese",Lotus Blossom Café,Quick Service,EPCOT,"$ ($14.99 and under per adult), Asian, Chinese",N
"American, Quick Service Kiosk",Lowtide Lou's,Quick Service,Disney's Typhoon Lagoon Water Park,"$ ($14.99 and under per adult), American",N
"American, Mobile Orders",The Lunching Pad,Quick Service,Magic Kingdom Park,"$ ($14.99 and under per adult), American",N
"American, Bar-Lounge",MacGUFFINS,Table Service,Disney Springs,"$ ($14.99 and under per adult), American",N
Dining Events,Magic Kingdom Fireworks Dessert Parties: Post-Party,Table Service,Magic Kingdom Park,$$$$ (over $60 per adult),N
Dining Events,Magic Kingdom Fireworks Dessert Parties: Pre-Party,Table Service,Magic Kingdom Park,$$$$ (over $60 per adult),N
Dining Events,Magic Kingdom Fireworks Dessert Parties: Seats & Sweets,Table Service,Magic Kingdom Park,$$$$ (over $60 per adult),N
"African, American",Mahindi,Quick Service,Disney's Animal Kingdom Theme Park,"$ ($14.99 and under per adult), African, American",N
"American, Bakery",Main Street Bakery,Quick Service,Magic Kingdom Park,"$ ($14.99 and under per adult), American, Bakery",N
"African, American",Maji Pool Bar,Quick Service,Disney's Animal Kingdom Villas - Kidani Village,"$ ($14.99 and under per adult), African, American",N
"African, American",The Mara,Quick Service,Disney's Animal Kingdom Lodge,"$ ($14.99 and under per adult), African, American",N
"American, Pool Bar",Mardi Grogs,Quick Service,Disney's Port Orleans Resort - French Quarter,"$ ($14.99 and under per adult), American",N
"a la Carte, Casual Dining",Maria & Enzo's Ristorante,Table Service,Disney Springs,"$$ ($15 to $34.99 per adult), Italian",Y
"American, Snack",Market,Quick Service,Disney's Hollywood Studios,"$ ($14.99 and under per adult), American",N
"American, Quick Service Restaurant",The Market at Ale & Compass,Quick Service,Disney's Yacht Club Resort,"$ ($14.99 and under per adult), American",N
"American, Snack",Marketplace Snacks,Quick Service,Disney Springs,"$ ($14.99 and under per adult), American",N
"American, Bar-Lounge",Martha's Vineyard,Table Service,Disney's Beach Club Resort,"$ ($14.99 and under per adult), American",N
"a la Carte, American",Maya Grill,Table Service,Disney's Coronado Springs Resort,"$$ ($15 to $34.99 per adult), American, Mexican, Seafood...",Y
"American, Pool Bar",Meadow Snack Bar,Quick Service,The Campsites at Disney's Fort Wilderness Resort,"$ ($14.99 and under per adult), American",N
"American, Mobile Orders",Milk Stand,Quick Service,Disney's Hollywood Studios,"$ ($14.99 and under per adult), American",N
"American, Snack",Mini Donuts by Joffrey's Coffee™ at Blizzard Beach,Quick Service,Disney's Blizzard Beach Water Park,"$ ($14.99 and under per adult), American",N
Dining Events,Minnie's Wonderful Christmastime Fireworks Dessert Party at Tomorrowland Terrace,Table Service,Magic Kingdom Park,,N
Dining Events,Minnie's Wonderful Christmastime Fireworks Dessert Party with Plaza Garden Viewing,Table Service,Magic Kingdom Park,,N
"Fine/Signature Dining, French",Monsieur Paul,Table Service,EPCOT,"$$$$ (over $60 per adult), French",Y
"a la Carte, Asian",Morimoto Asia™,Table Service,Disney Springs,"$$$ ($35 to $59.99 per adult), Asian, Chinese, Japanese...",Y
"Asian, Quick Service Kiosk",Morimoto Asia™ Street Food,Quick Service,Disney Springs,"$ ($14.99 and under per adult), Asian",N
"American, Pool Bar",Muddy Rivers,Quick Service,Disney's Port Orleans Resort - Riverside,"$ ($14.99 and under per adult), American",N
"a la Carte, American",Narcoossee's,Table Service,Disney's Grand Floridian Resort & Spa,"$$$ ($35 to $59.99 per adult), American, Seafood",Y
"American, Snack",Neighborhood Bakery,Quick Service,Disney's Hollywood Studios,"$ ($14.99 and under per adult), American",N
"a la Carte, Asian",Nine Dragons Restaurant,Table Service,EPCOT,"$$ ($15 to $34.99 per adult), Asian, Chinese",Y
"African, Asian",Nomad Lounge,Table Service,Disney's Animal Kingdom Theme Park,"$$ ($15 to $34.99 per adult), African, Asian, Latin",N
"American, Pool Bar",Oasis Bar & Grill,Quick Service,Disney's Polynesian Village Resort,"$ ($14.99 and under per adult), American",N
"American, Bakery",Oasis Sweets & Sips,Quick Service,EPCOT,"$ ($14.99 and under per adult), American, Bakery, Mediterranean",N
"Bar-Lounge, Reservations Accepted",Oga's Cantina,Table Service,Disney's Hollywood Studios,$$ ($15 to $34.99 per adult),Y
"American, Casual Dining",'Ohana,Table Service,Disney's Polynesian Village Resort,"$$$$ (over $60 per adult), American, Polynesian",Y
"a la Carte, American",Olivia's Cafe,Table Service,Disney's Old Key West Resort,"$$ ($15 to $34.99 per adult), American",Y
"American, Pool Bar",On the Rocks Pool Bar,Quick Service,Disney's Saratoga Springs Resort & Spa,"$ ($14.99 and under per adult), American",N
"American, Festival Kiosk",Outdoor Kitchen – Florida Fresh,Quick Service,EPCOT,,N
"American, Festival Kiosk",Outdoor Kitchen – Nectar,Quick Service,EPCOT,"$ ($14.99 and under per adult), American",N
Snack,Outdoor Kitchen – The Citrus Blossom,Quick Service,EPCOT,$ ($14.99 and under per adult),N
"American, Bar-Lounge",Outer Rim,Table Service,Disney's Contemporary Resort,"$ ($14.99 and under per adult), American",N
"a la Carte, American",Paddlefish,Table Service,Disney Springs,"$$$ ($35 to $59.99 per adult), American, Seafood",Y
"American, Pool Bar",The Paddock Grill,Quick Service,Disney's Saratoga Springs Resort & Spa,"$ ($14.99 and under per adult), American",N
"a la Carte, American","Paradiso 37, Taste of the Americas",Table Service,Disney Springs,"$$ ($15 to $34.99 per adult), American, Latin, Steakhouse",Y
"American, Bar-Lounge",The Perch at Disney's Grand Floridian Resort & Spa,Table Service,Disney's Grand Floridian Resort & Spa,"$$ ($15 to $34.99 per adult), American",N
"American, Pool Bar",Petals Pool Bar,Quick Service,Disney's Pop Century Resort,"$ ($14.99 and under per adult), American",N
"American, Bar-Lounge",Phins,,Walt Disney World Dolphin Hotel,"$ ($14.99 and under per adult), American",N
"American, Snack",Pineapple Lanai,Quick Service,Disney's Polynesian Village Resort,"$ ($14.99 and under per adult), American",N
"American, Quick Service Restaurant",Pinocchio Village Haus,Quick Service,Magic Kingdom Park,"$ ($14.99 and under per adult), American",N
"Italian, Quick Service Kiosk",Pizza al Taglio,Quick Service,EPCOT,,N
Italian,A slice of Sicilian style pepperoni pizza,"Quick Service Restaurant, Italian",Disney Springs,"$ ($14.99 and under per adult), Italian",N
"American, Quick Service Kiosk",Pizza Window,Quick Service,Disney's BoardWalk,"$ ($14.99 and under per adult), American",N
"American, Quick Service Restaurant",Pizzafari,Quick Service,Disney's Animal Kingdom Theme Park,"$ ($14.99 and under per adult), American",N
"a la Carte, American",Planet Hollywood®,Table Service,Disney Springs,"$$ ($15 to $34.99 per adult), American",Y
"American, Snack",Plaza Ice Cream Parlor,Quick Service,Magic Kingdom Park,"$ ($14.99 and under per adult), American",N
"a la Carte, American",The Plaza Restaurant,Table Service,Magic Kingdom Park,"$$ ($15 to $34.99 per adult), American",Y
"American, Bar-Lounge",Polar Pub,Table Service,Disney's Blizzard Beach Water Park,"$ ($14.99 and under per adult), American",N
"American, Quick Service Restaurant",The Polite Pig,Quick Service,Disney Springs,"$ ($14.99 and under per adult), American",N
"American, Snack",Pongu Pongu,Quick Service,Disney's Animal Kingdom Theme Park,"$ ($14.99 and under per adult), American",N
"American, Quick Service Restaurant",Primo Piatto,Quick Service,Disney's Riviera Resort,"$ ($14.99 and under per adult), American",N
"American, Snack",Prince Eric's Village Market,Quick Service,Magic Kingdom Park,"$$ ($15 to $34.99 per adult), American",N
American,Private Dining at Disney's Grand Floridian Resort & Spa,Quick Service,Disney's Grand Floridian Resort & Spa,"$$ ($15 to $34.99 per adult), American",N
"American, Dining Events",Queen Victoria’s Room at Victoria & Albert’s,Table Service,Disney's Grand Floridian Resort & Spa,"$$$$ (over $60 per adult), American",Y
"a la Carte, Casual Dining",Raglan Road™ Irish Pub and Restaurant,Table Service,Disney Springs,"$$ ($15 to $34.99 per adult), Irish",Y
"a la Carte, American",Rainforest Cafe® at Disney Springs Marketplace,Table Service,Disney Springs,"$$ ($15 to $34.99 per adult), American",Y
"a la Carte, American",Rainforest Cafe® at Disney's Animal Kingdom,Table Service,Disney's Animal Kingdom Theme Park,"$$ ($15 to $34.99 per adult), American",Y
"a la Carte, Casual Dining",Ravello,Table Service,Four Seasons Resort,"$$$ ($35 to $59.99 per adult), Italian",N
"African, Quick Service Kiosk",Refreshment Outpost,Quick Service,EPCOT,"$ ($14.99 and under per adult), African",N
"American, Snack",Refreshment Station,Quick Service,EPCOT,"$ ($14.99 and under per adult), American",N
"American, Quick Service Restaurant",Regal Eagle Smokehouse: Craft Drafts & Barbecue,Quick Service,EPCOT,"$ ($14.99 and under per adult), American",N
"American, Bar-Lounge",River Roost,Table Service,Disney's Port Orleans Resort - Riverside,"$$ ($15 to $34.99 per adult), American",N
"American, Quick Service Restaurant",Riverside Mill Food Court,Quick Service,Disney's Port Orleans Resort - Riverside,"$ ($14.99 and under per adult), American",N
"a la Carte, American",Rix Sports Bar & Grill,Table Service,Disney's Coronado Springs Resort,"$ ($14.99 and under per adult), American",Y
"American, Quick Service Restaurant",Roaring Fork,Quick Service,Disney's Wilderness Lodge,"$ ($14.99 and under per adult), American",N
"American, Mobile Orders",Ronto Roasters,Quick Service,Disney's Hollywood Studios,"$ ($14.99 and under per adult), American",N
"a la Carte, Casual Dining",Rosa Mexicano,Table Service,Walt Disney World Dolphin Hotel,"$$$ ($35 to $59.99 per adult), Mexican",Y
"Bar-Lounge, Mexican",Rosa Mexicano Lounge,Table Service,Walt Disney World Dolphin Hotel,,N
"a la Carte, British",Rose & Crown Dining Room,Table Service,EPCOT,"$$ ($15 to $34.99 per adult), British",Y
"British, Dining Events",Rose & Crown Fireworks Dining Package,Table Service,EPCOT,"$$$$ (over $60 per adult), British",Y
"British, Bar-Lounge",Rose & Crown Pub,Table Service,EPCOT,"$ ($14.99 and under per adult), British",N
"American, Dining Events",Roses of Gold Afternoon Tea at The Cake Bake Shop® by Gwendolyn Rogers,Table Service,Disney's BoardWalk,"$$$$ (over $60 per adult), American",N
"American, Mobile Orders",Rosie's All-American Café,Quick Service,Disney's Hollywood Studios,"$ ($14.99 and under per adult), American",N
"American, Casual Dining",Roundup Rodeo BBQ,Table Service,Disney's Hollywood Studios,"$$$ ($35 to $59.99 per adult), American",Y
"American, Snack",Salt & Straw,Quick Service,Disney Springs,"$ ($14.99 and under per adult), American",N
"a la Carte, Casual Dining",San Angel Inn Restaurante,Table Service,EPCOT,"$$ ($15 to $34.99 per adult), Mexican",Y
"a la Carte, African",Sanaa,Table Service,Disney's Animal Kingdom Villas - Kidani Village,"$$ ($15 to $34.99 per adult), African, Indian",Y
"African, Indian",Sanaa Lounge,Table Service,Disney's Animal Kingdom Villas - Kidani Village,"$ ($14.99 and under per adult), African, Indian",N
"American, Pool Bar",The Sand Bar,Quick Service,Disney's Contemporary Resort,"$ ($14.99 and under per adult), American",N
"Dining Events, Reservations Accepted",Sangria University,Table Service,Disney's Coronado Springs Resort,$$$$ (over $60 per adult),Y
"American, Cajun/Creole",Sassagoula Floatworks and Food Factory,Quick Service,Disney's Port Orleans Resort - French Quarter,"$ ($14.99 and under per adult), American, Cajun/Creole",N
"American, Quick Service Restaurant",Satu'li Canteen,Quick Service,Disney's Animal Kingdom Theme Park,"$ ($14.99 and under per adult), American",N
"American, Snack",Scat Cat's Club - Café,Quick Service,Disney's Port Orleans Resort - French Quarter,"$ ($14.99 and under per adult), American",N
"American, Bar-Lounge",Scat Cat's Club - Lounge,Table Service,Disney's Port Orleans Resort - French Quarter,"$ ($14.99 and under per adult), American",N
"a la Carte, American",Sci-Fi Dine-In Theater Restaurant,Table Service,Disney's Hollywood Studios,"$$ ($15 to $34.99 per adult), American",Y
"Casual Dining, Family Style",Sebastian's Bistro,Table Service,Disney's Caribbean Beach Resort,"$$ ($15 to $34.99 per adult), Latin",Y
"a la Carte, Asian",Shiki-Sai: Sushi Izakaya,Table Service,EPCOT,"$$ ($15 to $34.99 per adult), Asian, Japanese, Sushi",Y
"American, Pool Bar",Siestas Cantina,Quick Service,Disney's Coronado Springs Resort,"$ ($14.99 and under per adult), American",N
"American, Pool Bar",Silver Screen Spirits Pool Bar,Quick Service,Disney's All-Star Movies Resort,"$ ($14.99 and under per adult), American",N
"American, Pool Bar",Singing Spirits Pool Bar,Quick Service,Disney's All-Star Music Resort,"$ ($14.99 and under per adult), American",N
"American, Mobile Orders",Sleepy Hollow,Quick Service,Magic Kingdom Park,"$ ($14.99 and under per adult), American",N
"American, Quick Service Kiosk",The Smiling Crocodile,Quick Service,Disney's Animal Kingdom Theme Park,"$ ($14.99 and under per adult), American",N
"American, Quick Service Kiosk",The Smokehouse at House of Blues®,Quick Service,Disney Springs,"$ ($14.99 and under per adult), American",N
"American, Snack",Snack Shack,Quick Service,Disney's Typhoon Lagoon Water Park,"$ ($14.99 and under per adult), American",N
"German, Mobile Orders",Sommerfest,Quick Service,EPCOT,"$ ($14.99 and under per adult), German",N
"Bar-Lounge, Reservations Accepted",Space 220 Lounge,Table Service,EPCOT,$ ($14.99 and under per adult),Y
"Casual Dining, Prix Fixe",Space 220 Restaurant,Table Service,EPCOT,,Y
"a la Carte, Casual Dining",Spice Road Table,Table Service,EPCOT,"$$ ($15 to $34.99 per adult), Mediterranean",Y
"Bar-Lounge, Mediterranean",Spice Road Table Bar,Table Service,EPCOT,"$$ ($15 to $34.99 per adult), Mediterranean",N
"Dining Events, Mediterranean",Spice Road Table Fireworks Dining Package,Table Service,EPCOT,"$$$$ (over $60 per adult), Mediterranean",Y
"American, Casual Dining",Splash Pool Bar and Grill,Table Service,Walt Disney World Swan Hotel,"$ ($14.99 and under per adult), American",N
"a la Carte, American",Splitsville Dining Room,Table Service,Disney Springs,"$$ ($15 to $34.99 per adult), American",Y
"American, Mobile Orders",Spyglass Grill,Quick Service,Disney's Caribbean Beach Resort,"$ ($14.99 and under per adult), American",N
"American, Bakery",STARBUCKS® at Disney Springs Marketplace,"Quick Service, Table Service",Disney Springs,"$ ($14.99 and under per adult), American, Bakery",N
"American, Bakery",STARBUCKS® at Disney Springs West Side,"Quick Service, Table Service",Disney Springs,"$ ($14.99 and under per adult), American, Bakery",N
"American, Bar-Lounge",Stargazers Bar,Table Service,Disney Springs,"$ ($14.99 and under per adult), American",N
"a la Carte, American",Steakhouse 71,Table Service,Disney's Contemporary Resort,"$$ ($15 to $34.99 per adult), American, Steakhouse",Y
"American, Bar-Lounge",Steakhouse 71 Lounge,Table Service,Disney's Contemporary Resort,"$$ ($15 to $34.99 per adult), American, Steakhouse",N
"American, Bar-Lounge",Stir,,Walt Disney World Swan Reserve,"$ ($14.99 and under per adult), American",N
"a la Carte, American",STK® Steakhouse,Table Service,Disney Springs,"$$$ ($35 to $59.99 per adult), American, Seafood, Steakhouse",Y
"American, Character Dining",Story Book Dining at Artist Point with Snow White,Table Service,Disney's Wilderness Lodge,"$$$$ (over $60 per adult), American",Y
"American, Snack",Storybook Treats,Quick Service,Magic Kingdom Park,"$ ($14.99 and under per adult), American",N
"a la Carte, Casual Dining",Summer House on the Lake,Table Service,Disney Springs,,Y
Snack,Sunshine Churros at Disney Springs Marketplace,Quick Service,Disney Springs,$ ($14.99 and under per adult),N
Snack,Sunshine Churros at Disney Springs West Side,Quick Service,Disney Springs,$ ($14.99 and under per adult),N
"American, Quick Service Restaurant",Sunshine Day Bar,Quick Service,Disney's Hollywood Studios,"$ ($14.99 and under per adult), American",N
"American, Quick Service Restaurant",Sunshine Seasons,Quick Service,EPCOT,"$ ($14.99 and under per adult), American",N
"American, Mobile Orders",Sunshine Tree Terrace,Quick Service,Magic Kingdom Park,"$ ($14.99 and under per adult), American",N
"American, Snack",Surf Doggies,Quick Service,Disney's Typhoon Lagoon Water Park,"$ ($14.99 and under per adult), American",N
"American, Snack",Swirls on the Water,Quick Service,Disney Springs,"$ ($14.99 and under per adult), American",N
"a la Carte, American",T-REX ™,Table Service,Disney Springs,"$$ ($15 to $34.99 per adult), American",Y
"Asian, Fine/Signature Dining",Takumi-Tei,Table Service,EPCOT,"$$$$ (over $60 per adult), Asian, Japanese, Seafood...",Y
"American, Bar-Lounge",Tambu Lounge,Table Service,Disney's Polynesian Village Resort,"$$ ($15 to $34.99 per adult), American, Polynesian",N
"African, American",Tamu Tamu Refreshments,Quick Service,Disney's Animal Kingdom Theme Park,"$ ($14.99 and under per adult), African, American",N
"American, Casual Dining",Tangerine,Table Service,Walt Disney World Swan Reserve,"$ ($14.99 and under per adult), American",N
"Mediterranean, Moroccan",Tangierine Café: Flavors of the Medina,Quick Service,EPCOT,"$ ($14.99 and under per adult), Mediterranean, Moroccan",N
"a la Carte, Asian",Teppan Edo,Table Service,EPCOT,"$$ ($15 to $34.99 per adult), Asian, Japanese, Sushi",Y
"American, Snack",Terra Treats,Quick Service,Disney's Animal Kingdom Theme Park,"$ ($14.99 and under per adult), American",N
"a la Carte, Casual Dining",Terralina Crafted Italian,Table Service,Disney Springs,"$$ ($15 to $34.99 per adult), Italian",Y
"American, Bar-Lounge",Territory Lounge,Table Service,Disney's Wilderness Lodge,"$$ ($15 to $34.99 per adult), American",N
"American, Bar-Lounge",Thirsty River Bar,Table Service,Disney's Animal Kingdom Theme Park,"$ ($14.99 and under per adult), American",N
"a la Carte, Casual Dining",Three Bridges Bar and Grill at Villa del Lago,Table Service,Disney's Coronado Springs Resort,"$$ ($15 to $34.99 per adult), Latin",N
"a la Carte, African",Tiffins Restaurant,Table Service,Disney's Animal Kingdom Theme Park,"$$$ ($35 to $59.99 per adult), African, Asian, Latin",Y
"a la Carte, Fine/Signature Dining",Todd English's bluezoo,Table Service,Walt Disney World Dolphin Hotel,"$$$ ($35 to $59.99 per adult), Seafood",Y
"Bar-Lounge, Seafood",Todd English's bluezoo Lounge,,Walt Disney World Dolphin Hotel,"$ ($14.99 and under per adult), Seafood",N
"a la Carte, Casual Dining","Toledo - Tapas, Steak & Seafood",Table Service,Disney's Coronado Springs Resort,"$$$ ($35 to $59.99 per adult), Seafood, Spanish, Steakhouse",Y
American,Tomorrowland Terrace Restaurant,,Magic Kingdom Park,"$ ($14.99 and under per adult), American",N
"a la Carte, American",Tony's Town Square Restaurant,Table Service,Magic Kingdom Park,"$$ ($15 to $34.99 per adult), American, Italian",Y
"a la Carte, Character Dining",Topolino's Terrace – Flavors of the Riviera,Table Service,Disney's Riviera Resort,"$$$ ($35 to $59.99 per adult), French, Italian",Y
"American, Quick Service Kiosk",Tortuga Tavern,Quick Service,Magic Kingdom Park,"$ ($14.99 and under per adult), American",N
"Bar-Lounge, Polynesian",Trader Sam's Grog Grotto,Table Service,Disney's Polynesian Village Resort,"$ ($14.99 and under per adult), Polynesian",N
"American, Quick Service Restaurant",Trail's End Restaurant,Quick Service,The Campsites at Disney's Fort Wilderness Resort,"$$ ($15 to $34.99 per adult), American",N
"a la Carte, Casual Dining",Trattoria al Forno,Table Service,Disney's BoardWalk,"$$ ($15 to $34.99 per adult), Italian",Y
"American, Snack",Trek Snacks,Quick Service,Disney's Animal Kingdom Theme Park,"$ ($14.99 and under per adult), American",N
"American, Quick Service - Coffee",The Trolley Car Café,Quick Service,Disney's Hollywood Studios,"$ ($14.99 and under per adult), American",N
"American, Bar-Lounge",Tune-In Lounge,Table Service,Disney's Hollywood Studios,"$ ($14.99 and under per adult), American",N
"a la Carte, American",The Turf Club Bar and Grill,Table Service,Disney's Saratoga Springs Resort & Spa,"$$ ($15 to $34.99 per adult), American",Y
"American, Bar-Lounge",The Turf Club Lounge,Table Service,Disney's Saratoga Springs Resort & Spa,"$$ ($15 to $34.99 per adult), American",N
"American, Pool Bar",Turtle Shack Poolside Snacks,Quick Service,Disney's Old Key West Resort,"$ ($14.99 and under per adult), American",N
"African, American",Tusker House Restaurant,Table Service,Disney's Animal Kingdom Theme Park,"$$$$ (over $60 per adult), African, American",Y
"Italian, Bar-Lounge",Tutto Gusto Wine Cellar,Table Service,EPCOT,"$ ($14.99 and under per adult), Italian",N
"a la Carte, Casual Dining",Tutto Italia Ristorante,Table Service,EPCOT,"$$ ($15 to $34.99 per adult), Italian",Y
"American, Mobile Orders",Typhoon Tilly's,Quick Service,Disney's Typhoon Lagoon Water Park,"$ ($14.99 and under per adult), American",N
"British, Irish",UK Beer Cart,Table Service,EPCOT,"$ ($14.99 and under per adult), British, Irish",N
"American, Pool Bar",Uzima Springs Pool Bar,Quick Service,Disney's Animal Kingdom Lodge,"$ ($14.99 and under per adult), American",N
"a la Carte, Casual Dining",Via Napoli Ristorante e Pizzeria,Table Service,EPCOT,"$$ ($15 to $34.99 per adult), Italian",Y
"American, Bar-Lounge",Victoria Falls Lounge,Table Service,Disney's Animal Kingdom Lodge,"$$ ($15 to $34.99 per adult), American",N
"Italian, Snack",Vivoli il Gelato,"Quick Service, Table Service",Disney Springs,"$ ($14.99 and under per adult), Italian",N
"a la Carte, Casual Dining",Wailulu Bar & Grill,Table Service,Disney's Polynesian Villas & Bungalows,"$$ ($15 to $34.99 per adult), Polynesian",Y
"American, Mobile Orders",Warming Hut,Quick Service,Disney's Blizzard Beach Water Park,"$ ($14.99 and under per adult), American",N
"American, Bar-Lounge",Warung Outpost,Table Service,Disney's Animal Kingdom Theme Park,"$ ($14.99 and under per adult), American, Mexican",N
"American, Snack",Westward Ho,Quick Service,Magic Kingdom Park,"$ ($14.99 and under per adult), American",N
"American, Snack",Wetzel's Pretzels Kiosk at Disney Springs Marketplace,Quick Service,Disney Springs,"$ ($14.99 and under per adult), American",N
"American, Snack",Wetzel's Pretzels Kiosk at Disney Springs West Side,Quick Service,Disney Springs,"$ ($14.99 and under per adult), American",N
"a la Carte, American",Whispering Canyon Cafe,Table Service,Disney's Wilderness Lodge,"$$ ($15 to $34.99 per adult), American",Y
"American, Casual Dining",Wind & Waves Grill,Table Service,,,N
"a la Carte, American",Wine Bar George – A Restaurant & Bar,Table Service,Disney Springs,"$$ ($15 to $34.99 per adult), American",Y
"a la Carte, Casual Dining",Wolfgang Puck® Bar & Grill,Table Service,Disney Springs,$$ ($15 to $34.99 per adult),Y
"American, Mobile Orders",Woody's Lunch Box,Quick Service,Disney's Hollywood Studios,"$ ($14.99 and under per adult), American",N
"American, Quick Service Restaurant",World Premiere Food Court,Quick Service,Disney's All-Star Movies Resort,"$ ($14.99 and under per adult), American",N
"a la Carte, American",Yachtsman Steakhouse,Table Service,Disney's Yacht Club Resort,"$$$ ($35 to $59.99 per adult), American, Steakhouse",Y
"American, Asian",Yak & Yeti™ Local Food Cafes,Quick Service,Disney's Animal Kingdom Theme Park,"$ ($14.99 and under per adult), American, Asian",N
"American, Bar-Lounge",Yak & Yeti™ Quality Beverages,Table Service,Disney's Animal Kingdom Theme Park,"$ ($14.99 and under per adult), American",N
"a la Carte, American",Yak & Yeti™ Restaurant,Table Service,Disney's Animal Kingdom Theme Park,"$$ ($15 to $34.99 per adult), American, Asian, Chinese...",Y
"Asian, Japanese",YeSake Kiosk,Quick Service,Disney Springs,"$ ($14.99 and under per adult), Asian, Japanese",N
"American, British",Yorkshire County Fish Shop,Quick Service,EPCOT,"$ ($14.99 and under per adult), American, British",N
"American, Bar-Lounge",Crew's Cup Lounge,Table Service,Disney's Yacht Club Resort,"$$$ ($35 to $59.99 per adult), American",N
"American, Quick Service Kiosk",Refreshment Port,Quick Service,EPCOT,"$ ($14.99 and under per adult), American",N
"American, Bar-Lounge",Trader Sam's Tiki Terrace,Table Service,Disney's Polynesian Village Resort,"$ ($14.99 and under per adult), American, Polynesian",N
